{
    "openapi": "3.0.0",
    "info": {
        "title": "UAE Desk API Documentation",
        "description": "L5 Swagger OpenApi for UAE Desk APIs",
        "version": "1.0.0"
    },
    "paths": {
        "/api/admin/users/index": {
            "get": {
                "tags": [
                    "Users"
                ],
                "summary": "Get All Users",
                "description": "Get All Users",
                "operationId": "showUsers",
                "responses": {
                    "200": {
                        "description": "Form data retrieved"
                    }
                },
                "security": [
                    {
                        "sanctum": []
                    }
                ]
            }
        },
        "/api/users/create": {
            "get": {
                "tags": [
                    "Users"
                ],
                "summary": "Get form data to create a new user",
                "description": "Returns roles, locations, shifts, and branches available for user creation",
                "operationId": "getUserCreateForm",
                "responses": {
                    "200": {
                        "description": "Form data retrieved"
                    }
                },
                "security": [
                    {
                        "sanctum": []
                    }
                ]
            }
        },
        "/api/users": {
            "post": {
                "tags": [
                    "Users"
                ],
                "summary": "Store new user",
                "description": "Creates a new user with role and details",
                "operationId": "storeUser",
                "requestBody": {
                    "required": true,
                    "content": {
                        "application/json": {
                            "schema": {
                                "required": [
                                    "name",
                                    "email",
                                    "password",
                                    "roles"
                                ],
                                "properties": {
                                    "name": {
                                        "type": "string",
                                        "example": "John Doe"
                                    },
                                    "email": {
                                        "type": "string",
                                        "example": "john@example.com"
                                    },
                                    "password": {
                                        "type": "string",
                                        "example": "password123"
                                    },
                                    "confirm-password": {
                                        "type": "string",
                                        "example": "password123"
                                    },
                                    "roles": {
                                        "type": "array",
                                        "items": {
                                            "type": "string",
                                            "example": "User"
                                        }
                                    }
                                },
                                "type": "object"
                            }
                        }
                    }
                },
                "responses": {
                    "201": {
                        "description": "User created successfully"
                    },
                    "422": {
                        "description": "Validation error"
                    }
                },
                "security": [
                    {
                        "sanctum": []
                    }
                ]
            }
        },
        "/login": {
            "post": {
                "tags": [
                    "Authentication"
                ],
                "summary": "User Login",
                "description": "Logs the user in after validating credentials and checks the login zone",
                "operationId": "a0bad38435a32b5ad173da486ba8f59d",
                "requestBody": {
                    "required": true,
                    "content": {
                        "application/json": {
                            "schema": {
                                "required": [
                                    "email",
                                    "password",
                                    "latitude",
                                    "longitude"
                                ],
                                "properties": {
                                    "email": {
                                        "type": "string",
                                        "format": "email",
                                        "example": "user@example.com"
                                    },
                                    "password": {
                                        "type": "string",
                                        "format": "password",
                                        "example": "secret123"
                                    },
                                    "latitude": {
                                        "type": "number",
                                        "format": "float",
                                        "example": "51.5074"
                                    },
                                    "longitude": {
                                        "type": "number",
                                        "format": "float",
                                        "example": "0.1278"
                                    },
                                    "remember": {
                                        "type": "string",
                                        "example": "on"
                                    }
                                },
                                "type": "object"
                            }
                        }
                    }
                },
                "responses": {
                    "200": {
                        "description": "Login successful",
                        "content": {
                            "application/json": {
                                "schema": {
                                    "properties": {
                                        "message": {
                                            "type": "string",
                                            "example": "Welcome!"
                                        }
                                    },
                                    "type": "object"
                                }
                            }
                        }
                    },
                    "401": {
                        "description": "Invalid credentials",
                        "content": {
                            "application/json": {
                                "schema": {
                                    "properties": {
                                        "message": {
                                            "type": "string",
                                            "example": "Credentials Mismatch!"
                                        }
                                    },
                                    "type": "object"
                                }
                            }
                        }
                    },
                    "403": {
                        "description": "Account deactivated",
                        "content": {
                            "application/json": {
                                "schema": {
                                    "properties": {
                                        "message": {
                                            "type": "string",
                                            "example": "Your account is Deactivated by Admin!"
                                        }
                                    },
                                    "type": "object"
                                }
                            }
                        }
                    }
                }
            }
        }
    },
    "tags": [
        {
            "name": "Users",
            "description": "Users"
        },
        {
            "name": "Authentication",
            "description": "Authentication"
        }
    ]
}